[
    {
      "inputs": [],
      "stateMutability": "nonpayable",
      "type": "constructor"
    },
    {
      "anonymous": false,
      "inputs": [
        {
          "indexed": true,
          "internalType": "address",
          "name": "previousOwner",
          "type": "address"
        },
        {
          "indexed": true,
          "internalType": "address",
          "name": "newOwner",
          "type": "address"
        }
      ],
      "name": "OwnershipTransferred",
      "type": "event"
    },
    {
      "stateMutability": "payable",
      "type": "fallback"
    },
    {
      "inputs": [
        {
          "internalType": "string",
          "name": "_title",
          "type": "string"
        },
        {
          "internalType": "string",
          "name": "_physicalAddress",
          "type": "string"
        },
        {
          "internalType": "string",
          "name": "_image",
          "type": "string"
        },
        {
          "internalType": "uint256",
          "name": "_price",
          "type": "uint256"
        },
        {
          "internalType": "bool",
          "name": "_canReserve",
          "type": "bool"
        },
        {
          "internalType": "address",
          "name": "roomOwner",
          "type": "address"
        }
      ],
      "name": "addRoom",
      "outputs": [],
      "stateMutability": "nonpayable",
      "type": "function"
    },
    {
      "inputs": [
        {
          "internalType": "uint256",
          "name": "roomId",
          "type": "uint256"
        },
        {
          "internalType": "uint256",
          "name": "reservationId",
          "type": "uint256"
        },
        {
          "internalType": "address",
          "name": "deleter",
          "type": "address"
        }
      ],
      "name": "deleteReservation",
      "outputs": [],
      "stateMutability": "nonpayable",
      "type": "function"
    },
    {
      "inputs": [],
      "name": "getPayments",
      "outputs": [
        {
          "components": [
            {
              "internalType": "address",
              "name": "payer",
              "type": "address"
            },
            {
              "internalType": "address",
              "name": "payee",
              "type": "address"
            },
            {
              "internalType": "uint256",
              "name": "datePaid",
              "type": "uint256"
            },
            {
              "internalType": "uint256",
              "name": "reservationId",
              "type": "uint256"
            }
          ],
          "internalType": "struct RoomReservations.Payment[]",
          "name": "",
          "type": "tuple[]"
        }
      ],
      "stateMutability": "view",
      "type": "function"
    },
    {
      "inputs": [],
      "name": "getPaymentsLength",
      "outputs": [
        {
          "internalType": "uint256",
          "name": "",
          "type": "uint256"
        }
      ],
      "stateMutability": "view",
      "type": "function"
    },
    {
      "inputs": [],
      "name": "getReservations",
      "outputs": [
        {
          "components": [
            {
              "internalType": "address",
              "name": "reserver",
              "type": "address"
            },
            {
              "internalType": "uint256",
              "name": "roomId",
              "type": "uint256"
            },
            {
              "internalType": "uint256",
              "name": "startDate",
              "type": "uint256"
            },
            {
              "internalType": "uint256",
              "name": "endDate",
              "type": "uint256"
            },
            {
              "internalType": "bool",
              "name": "isPaid",
              "type": "bool"
            }
          ],
          "internalType": "struct RoomReservations.Reservation[]",
          "name": "",
          "type": "tuple[]"
        }
      ],
      "stateMutability": "view",
      "type": "function"
    },
    {
      "inputs": [
        {
          "internalType": "uint256",
          "name": "roomId",
          "type": "uint256"
        }
      ],
      "name": "getReservationsFor",
      "outputs": [
        {
          "internalType": "uint256[]",
          "name": "",
          "type": "uint256[]"
        }
      ],
      "stateMutability": "view",
      "type": "function"
    },
    {
      "inputs": [
        {
          "internalType": "uint256",
          "name": "roomId",
          "type": "uint256"
        }
      ],
      "name": "getReservationsForLength",
      "outputs": [
        {
          "internalType": "uint256",
          "name": "",
          "type": "uint256"
        }
      ],
      "stateMutability": "view",
      "type": "function"
    },
    {
      "inputs": [],
      "name": "getReservationsLength",
      "outputs": [
        {
          "internalType": "uint256",
          "name": "",
          "type": "uint256"
        }
      ],
      "stateMutability": "view",
      "type": "function"
    },
    {
      "inputs": [],
      "name": "getRooms",
      "outputs": [
        {
          "components": [
            {
              "internalType": "string",
              "name": "title",
              "type": "string"
            },
            {
              "internalType": "string",
              "name": "physicalAddress",
              "type": "string"
            },
            {
              "internalType": "uint256",
              "name": "id",
              "type": "uint256"
            },
            {
              "internalType": "string",
              "name": "image",
              "type": "string"
            },
            {
              "internalType": "uint256",
              "name": "price",
              "type": "uint256"
            },
            {
              "internalType": "address",
              "name": "owner",
              "type": "address"
            },
            {
              "internalType": "bool",
              "name": "canReserve",
              "type": "bool"
            }
          ],
          "internalType": "struct RoomReservations.Room[]",
          "name": "",
          "type": "tuple[]"
        }
      ],
      "stateMutability": "view",
      "type": "function"
    },
    {
      "inputs": [],
      "name": "getRoomsLength",
      "outputs": [
        {
          "internalType": "uint256",
          "name": "",
          "type": "uint256"
        }
      ],
      "stateMutability": "view",
      "type": "function"
    },
    {
      "inputs": [
        {
          "internalType": "uint256",
          "name": "reservationId",
          "type": "uint256"
        }
      ],
      "name": "makePayment",
      "outputs": [],
      "stateMutability": "payable",
      "type": "function"
    },
    {
      "inputs": [
        {
          "internalType": "uint256",
          "name": "roomId",
          "type": "uint256"
        },
        {
          "internalType": "uint256",
          "name": "startDate",
          "type": "uint256"
        },
        {
          "internalType": "uint256",
          "name": "endDate",
          "type": "uint256"
        },
        {
          "internalType": "bool",
          "name": "checkReserved",
          "type": "bool"
        },
        {
          "internalType": "address",
          "name": "reserver",
          "type": "address"
        }
      ],
      "name": "makeReservation",
      "outputs": [],
      "stateMutability": "nonpayable",
      "type": "function"
    },
    {
      "inputs": [],
      "name": "owner",
      "outputs": [
        {
          "internalType": "address",
          "name": "",
          "type": "address"
        }
      ],
      "stateMutability": "view",
      "type": "function"
    },
    {
      "inputs": [
        {
          "internalType": "uint256",
          "name": "",
          "type": "uint256"
        }
      ],
      "name": "payments",
      "outputs": [
        {
          "internalType": "address",
          "name": "payer",
          "type": "address"
        },
        {
          "internalType": "address",
          "name": "payee",
          "type": "address"
        },
        {
          "internalType": "uint256",
          "name": "datePaid",
          "type": "uint256"
        },
        {
          "internalType": "uint256",
          "name": "reservationId",
          "type": "uint256"
        }
      ],
      "stateMutability": "view",
      "type": "function"
    },
    {
      "inputs": [],
      "name": "renounceOwnership",
      "outputs": [],
      "stateMutability": "nonpayable",
      "type": "function"
    },
    {
      "inputs": [
        {
          "internalType": "uint256",
          "name": "",
          "type": "uint256"
        }
      ],
      "name": "reservations",
      "outputs": [
        {
          "internalType": "address",
          "name": "reserver",
          "type": "address"
        },
        {
          "internalType": "uint256",
          "name": "roomId",
          "type": "uint256"
        },
        {
          "internalType": "uint256",
          "name": "startDate",
          "type": "uint256"
        },
        {
          "internalType": "uint256",
          "name": "endDate",
          "type": "uint256"
        },
        {
          "internalType": "bool",
          "name": "isPaid",
          "type": "bool"
        }
      ],
      "stateMutability": "view",
      "type": "function"
    },
    {
      "inputs": [
        {
          "internalType": "uint256",
          "name": "",
          "type": "uint256"
        },
        {
          "internalType": "uint256",
          "name": "",
          "type": "uint256"
        }
      ],
      "name": "reservationsFor",
      "outputs": [
        {
          "internalType": "uint256",
          "name": "",
          "type": "uint256"
        }
      ],
      "stateMutability": "view",
      "type": "function"
    },
    {
      "inputs": [
        {
          "internalType": "uint256",
          "name": "",
          "type": "uint256"
        }
      ],
      "name": "rooms",
      "outputs": [
        {
          "internalType": "string",
          "name": "title",
          "type": "string"
        },
        {
          "internalType": "string",
          "name": "physicalAddress",
          "type": "string"
        },
        {
          "internalType": "uint256",
          "name": "id",
          "type": "uint256"
        },
        {
          "internalType": "string",
          "name": "image",
          "type": "string"
        },
        {
          "internalType": "uint256",
          "name": "price",
          "type": "uint256"
        },
        {
          "internalType": "address",
          "name": "owner",
          "type": "address"
        },
        {
          "internalType": "bool",
          "name": "canReserve",
          "type": "bool"
        }
      ],
      "stateMutability": "view",
      "type": "function"
    },
    {
      "inputs": [
        {
          "internalType": "address",
          "name": "newOwner",
          "type": "address"
        }
      ],
      "name": "transferOwnership",
      "outputs": [],
      "stateMutability": "nonpayable",
      "type": "function"
    },
    {
      "inputs": [
        {
          "internalType": "uint256",
          "name": "roomId",
          "type": "uint256"
        },
        {
          "internalType": "bool",
          "name": "status",
          "type": "bool"
        },
        {
          "internalType": "address",
          "name": "from",
          "type": "address"
        }
      ],
      "name": "updateRoomReservationStatus",
      "outputs": [],
      "stateMutability": "nonpayable",
      "type": "function"
    },
    {
      "stateMutability": "payable",
      "type": "receive"
    }
  ]